Application Number,Facility Name,County,Facility Type,Keph Level,latitude,longitude,geocoded_address,geocoding_status,matched_county
CN-10390,001337ST MARTIN DE PORRES DISPENSARY,NAKURU,FAITH BASED ORGANIZATION (FBO),LEVEL 2,-0.2806559,36.0794189,Nakuru,Success,
CN-10461,000943KAPLONG MISSION HOSPITAL,BOMET,FAITH BASED ORGANIZATION (FBO),LEVEL 4,-0.72064302304,35.297853151752,Bomet,Success,
CN-11324,000801HOLY CROSS DISPENSARY THIGIO,KIAMBU,FAITH BASED ORGANIZATION (FBO),LEVEL 2,-1.1877814,36.6001797,"Thigio, Limuru, Kiambu",Success,
CN-11511,017896KILIMANJARO MISSION HOSPITAL FOUNDATION,KAJIADO,FAITH BASED ORGANIZATION (FBO),LEVEL 3A,-1.8419404,36.7892723,Kajiado,Success,
CN-11758,000739NYINA WA MUMBI HEALTH SERVICES,NAIROBI,FAITH BASED ORGANIZATION (FBO),LEVEL 2,-1.2857857,36.8200253,Nairobi,Success,
CN-11877,001831EASTERN DEANERY AIDS RELIEF PROGRAM - RUAI CLINIC,NAIROBI,FAITH BASED ORGANIZATION (FBO),LEVEL 2,-1.2857857,36.8200253,Nairobi,Success,
CN-12252,000175CATHOLIC DISPENSARY DIMESSE SISTERS,LAIKIPIA,FAITH BASED ORGANIZATION (FBO),LEVEL 2,0.321036458859,36.76507926291,Laikipia,Success,
CN-12365,001826EASTERN DEANERY AIDS RELIEF PROGRAM - NJIRU CLINIC,NAIROBI,FAITH BASED ORGANIZATION (FBO),LEVEL 2,-1.2857857,36.8200253,Nairobi,Success,
CN-13810,001661ST. MARYS MISSION HOSPITAL MUMIAS,KAKAMEGA,FAITH BASED ORGANIZATION (FBO),LEVEL 4,0.3283221,34.4993675,"Mumias, Kakamega",Success,
CN-14096,000270P.C.E.A NJORO HEALTH CENTRE,NAKURU,FAITH BASED ORGANIZATION (FBO),LEVEL 3A,0.0140971,36.1398143,Health Centre,Success,
CN-14361,001250MULUTU CATHOLIC DISPENSARY,KITUI,FAITH BASED ORGANIZATION (FBO),LEVEL 2,-1.493161090519,38.407478986946,Kitui,Success,
CN-14640,001540FUTURE LIFE COMMUNITY NURSING HOME,SIAYA,FAITH BASED ORGANIZATION (FBO),LEVEL 3A,-0.06564696176,34.248353736491,Siaya,Success,
CN-14671,002105KANAMAI HEALTH SERVICES MTWAPA,KILIFI,FAITH BASED ORGANIZATION (FBO),LEVEL 3A,-3.946128,39.7450722,"Mtwapa, Kilifi",Success,
CN-14933,000907GESUSU ADVENTIST MISSION HOSPITAL,KISII,FAITH BASED ORGANIZATION (FBO),LEVEL 3B,-0.775814232663,34.777005852014,Kisii,Success,
CN-15025,001626BARICHO CATHOLIC HEALTH CENTRE,KIRINYAGA,FAITH BASED ORGANIZATION (FBO),LEVEL 3B,-0.525012949373,37.320744609382,Kirinyaga,Success,
CN-15446,000867NTHAIGAYA CATHOLIC DISPENSARY,EMBU,FAITH BASED ORGANIZATION (FBO),LEVEL 2,-0.5379964,37.4543311,Embu,Success,
CN-15895,009538NAIKARRA HEALTH CENTRE,NAROK,FAITH BASED ORGANIZATION (FBO),LEVEL 3A,-1.2209112,34.8155281,Health Centre,Success,
CN-16398,000268COTTOLENGO MISSION HOSPITAL,MERU,FAITH BASED ORGANIZATION (FBO),LEVEL 4,0.166838927273,37.764590845633,Meru,Success,
CN-17022,017487BLESSED MARIA HELENA DISPENSARY,NAIROBI,FAITH BASED ORGANIZATION (FBO),LEVEL 3A,-1.2857857,36.8200253,Nairobi,Success,
CN-17325,000105MMM MUKURU HEALTH CENTRE,NAIROBI,FAITH BASED ORGANIZATION (FBO),LEVEL 2,-1.2657918,36.7991336,Health Centre,Success,
CN-17389,001567MULOT CATHOLIC DISPENSARY,NAROK,FAITH BASED ORGANIZATION (FBO),LEVEL 2,-1.257270424837,35.575800972424,Narok,Success,
CN-17464,000411MARY HELPER OF THE SICK HEALTH CENTRE NGARARIGA MISSION,KIAMBU,FAITH BASED ORGANIZATION (FBO),LEVEL 3B,-1.1672396,36.8255013,Kiambu,Success,
CN-18105,003364KERWA CATHOLIC HEALTH CENTRE,KIAMBU,FAITH BASED ORGANIZATION (FBO),LEVEL 3A,-1.1672396,36.8255013,Kiambu,Success,
CN-18467,001268HELMI JONAS HEALTH CENTRE URADI,SIAYA,FAITH BASED ORGANIZATION (FBO),LEVEL 3A,-0.06564696176,34.248353736491,Siaya,Success,
CN-18735,015415SISTERS OF ST. JOSEPH DISPENSARY MAUNGU,TAITA-TAVETA,FAITH BASED ORGANIZATION (FBO),LEVEL 2,-3.5618523,38.7479234,"Maungu, Taita Taveta",Success,
CN-18802,016021ST. FRANCIS RARUOWA MISSION HEALTH CENTRE,HOMA BAY,FAITH BASED ORGANIZATION (FBO),LEVEL 3A,-0.545235884388,34.356395993113,Homa Bay,Success,
CN-18832,000210MARY HELP OF THE SICK MISSION HOSPITAL,KIAMBU,FAITH BASED ORGANIZATION (FBO),LEVEL 4,-1.1672396,36.8255013,Kiambu,Success,
CN-19313,022555MARY HELP OF THE SICK MISSION HOSPITAL-ST.CYRIL AND METHODIUS BRANCH,KIAMBU,FAITH BASED ORGANIZATION (FBO),LEVEL 2,-1.1672396,36.8255013,Kiambu,Success,
CN-19765,001813LITTLE SISTERS OF ST. FRANCIS- ST. CLARE MEDICAL CENTRE,BUSIA,FAITH BASED ORGANIZATION (FBO),LEVEL 3A,0.38569164205,34.193072581938,Busia,Success,
CN-20003,001274ST. LUKES COTTAGE HOSPITAL KIAMURI,MERU,FAITH BASED ORGANIZATION (FBO),LEVEL 3B,-0.0770902,37.8407775,"Kiamuri, Meru",Success,
CN-20281,001054GAICHANJIRU CATHOLIC HOSPITAL,MURANGA,FAITH BASED ORGANIZATION (FBO),LEVEL 4,-0.7180943,37.1589456,"Muranga, Murang'a",Success,
CN-20320,001868ST. MARYS YALA MISSION DISPENSARY,SIAYA,FAITH BASED ORGANIZATION (FBO),LEVEL 2,-0.06564696176,34.248353736491,Siaya,Success,
CN-20721,000155OL JOROOROK CATHOLIC DISPENSARY,NYANDARUA,FAITH BASED ORGANIZATION (FBO),LEVEL 2,-0.323536777902,36.481864588175,Nyandarua,Success,
CN-21171,006751NACHUKUI DISPENSARY,TURKANA,FAITH BASED ORGANIZATION (FBO),LEVEL 2,3.186636109974,35.449603095023,Turkana,Success,
CN-21378,002500ST MARYS MISSION HEALTH CENTRE MBITA,HOMA BAY,FAITH BASED ORGANIZATION (FBO),LEVEL 3A,-0.4372517,34.2060824,"Mbita, Homa Bay",Success,
CN-21677,014405KENYA COMMUNITY HEALTH CLINIC MCK CIOTHIRAI,MERU,FAITH BASED ORGANIZATION (FBO),LEVEL 2,0.02296,37.8096,"Ciothirai, Meru",Success,
CN-21722,006781ST BRIDGIT KALEMUNYANG DISPENSARY,TURKANA,FAITH BASED ORGANIZATION (FBO),LEVEL 2,3.186636109974,35.449603095023,Turkana,Success,
CN-21849,001563AIC KIJABE HOSPITAL-NAIVASHA MEDICAL CENTRE,NAKURU,FAITH BASED ORGANIZATION (FBO),LEVEL 3B,-0.71433,36.43333,"AKUHN Medical Centre, Naivasha",Success,
CN-21875,002298KIBWEZI CATHOLIC HEALTH CENTRE,MAKUENI,FAITH BASED ORGANIZATION (FBO),LEVEL 3B,-2.160192128139,37.789123486634,Makueni,Success,
CN-22015,002054ST. JOSEPHS MISSION HOSPITAL KILGORIS,NAROK,FAITH BASED ORGANIZATION (FBO),LEVEL 4,-1.18354927498,34.875843750081,"Kilgoris, Narok",Success,
CN-22287,006565ST BAKHITAS MISSION HEALTH FACILITY,BUNGOMA,FAITH BASED ORGANIZATION (FBO),LEVEL 3B,0.748950071987,34.640152743934,Bungoma,Success,
CN-22365,002754MOMBASA CATHOLIC CBHC SERVICES,MOMBASA,FAITH BASED ORGANIZATION (FBO),LEVEL 3A,-4.0574645,39.663945,Mombasa,Success,
CN-22419,003839OUR LADY OF LOURDES HEALTH CENTRE,KISII,FAITH BASED ORGANIZATION (FBO),LEVEL 3A,-0.775814232663,34.777005852014,Kisii,Success,
CN-22474,001913MOTHER FRANCISCA MISSION MATERNITY AND HEALTH CENTRE,NANDI,FAITH BASED ORGANIZATION (FBO),LEVEL 4,0.182680842869,35.108710560862,Nandi,Success,
CN-22854,000365ST. MATIA MULUMBA HOSPITAL,KIAMBU,FAITH BASED ORGANIZATION (FBO),LEVEL 4,-1.1672396,36.8255013,Kiambu,Success,
CN-23514,001105DIVINE MERCY ALUOR HEALTH CENTRE,SIAYA,FAITH BASED ORGANIZATION (FBO),LEVEL 3B,-0.06564696176,34.248353736491,Siaya,Success,
CN-23779,019424HOLY ROSARY KUTUS HEALTH CENTRE,KIRINYAGA,FAITH BASED ORGANIZATION (FBO),LEVEL 3A,-0.525012949373,37.320744609382,Kirinyaga,Success,
CN-23815,000472MIKINDURI CATHOLIC CHURCH HEALTH CENTRE,MERU,FAITH BASED ORGANIZATION (FBO),LEVEL 3B,0.166838927273,37.764590845633,Meru,Success,
CN-23995,001827EASTERN DEANERY AIDS RELIEF PROGRAM HURUMA CLINIC,NAIROBI,FAITH BASED ORGANIZATION (FBO),LEVEL 2,-1.2857857,36.8200253,Nairobi,Success,
CN-24045,015319ST PETER CLAVER RC HEALTH CENTRE,KAJIADO,FAITH BASED ORGANIZATION (FBO),LEVEL 3B,-1.8419404,36.7892723,Kajiado,Success,
CN-24130,002231AMUNG\\'ENTI CATHOLIC DISPESARY,MERU,FAITH BASED ORGANIZATION (FBO),LEVEL 2,0.166838927273,37.764590845633,Meru,Success,
CN-24460,000413KOBUJOI MISSION HOSPITAL,NANDI,FAITH BASED ORGANIZATION (FBO),LEVEL 4,0.182680842869,35.108710560862,Nandi,Success,
CN-24504,007140A.I.C BETHLEHEM HOUSE OF BREAD DISPENSARY,UASIN GISHU,FAITH BASED ORGANIZATION (FBO),LEVEL 2,0.521314476021,35.31977624114,Uasin Gishu,Success,
CN-24936,014971GATUMBI SDA DISPENSARY,KIRINYAGA,FAITH BASED ORGANIZATION (FBO),LEVEL 2,-0.3796489,37.3102583,Dispensary,Success,
CN-25137,014949ST PAULS EMUSONGA MEDICAL CENTRE,KAKAMEGA,FAITH BASED ORGANIZATION (FBO),LEVEL 3A,0.28422,34.75229,Kakamega,Success,
CN-25156,018906MOTHER ANGELA HURUMA ANNEX MEDICAL CLINIC,LAIKIPIA,FAITH BASED ORGANIZATION (FBO),LEVEL 2,0.321036458859,36.76507926291,Laikipia,Success,
CN-25262,008820ST ANDREWS DISPENSARY,MERU,FAITH BASED ORGANIZATION (FBO),LEVEL 2,0.166838927273,37.764590845633,Meru,Success,
CN-25341,001341MARY IMMACULATE DISPENSARY KAGIO,KIRINYAGA,FAITH BASED ORGANIZATION (FBO),LEVEL 2,-0.6255042,37.2555643,"Kagio, Kirinyaga",Success,
CN-25696,015648NYAMAGWA CATHOLIC HEALTH CENTRE,KISII,FAITH BASED ORGANIZATION (FBO),LEVEL 3A,-0.775814232663,34.777005852014,Kisii,Success,
CN-25748,015417ST. JOSEPH SHELTER OF HOPE OUTREACH CLINIC,TAITA-TAVETA,FAITH BASED ORGANIZATION (FBO),LEVEL 3B,-3.436547605259,38.417882139111,Taita Taveta,Success,
CN-25952,003412EASTERN DEANERY AIDS RELIEF PROGRAM DANDORA COMPREHENSIVE HIV/AIDS CLINIC,NAIROBI,FAITH BASED ORGANIZATION (FBO),LEVEL 2,-1.2857857,36.8200253,Nairobi,Success,
CN-26084,007245BROTHER ANDRE HOSPITAL LTD,NAIROBI,FAITH BASED ORGANIZATION (FBO),LEVEL 4,-1.2857857,36.8200253,Nairobi,Success,
CN-26207,017453ST.JOSEPH DISPENSARY KABAA,MACHAKOS,FAITH BASED ORGANIZATION (FBO),LEVEL 2,-1.2420429,37.4491871,"Kabaa, Machakos",Success,
CN-26400,016816ANGLICAN DEVELOPMENT SERVICES,KIRINYAGA,FAITH BASED ORGANIZATION (FBO),LEVEL 2,-0.525012949373,37.320744609382,Kirinyaga,Success,
CN-26497,002104RANEN S.D.A HEALTH CENTRE,MIGORI,FAITH BASED ORGANIZATION (FBO),LEVEL 3B,-1.1654376,34.6090837,Health Centre,Success,
CN-26506,002027NAZARETH RUIRU HOSPITAL,KIAMBU,FAITH BASED ORGANIZATION (FBO),LEVEL 4,-1.1480309,36.9605921,"Ruiru, Kiambu",Success,
CN-26599,001395PCEA MATHAKWAINI HEALTH CENTRE,NYERI,FAITH BASED ORGANIZATION (FBO),LEVEL 3B,-0.4211516,36.9494066,Nyeri,Success,
CN-26635,003534GIONSERI SDA DISPENSARY,KISII,FAITH BASED ORGANIZATION (FBO),LEVEL 2,-0.775814232663,34.777005852014,Kisii,Success,
CN-26760,000952RUIRI CATHOLIC MISSION HEALTH CENTRE,MERU,FAITH BASED ORGANIZATION (FBO),LEVEL 3B,0.166838927273,37.764590845633,Meru,Success,
CN-26874,014529ST. THERESA MISSION HOSPITAL KIIRUA,MERU,FAITH BASED ORGANIZATION (FBO),LEVEL 5,0.2126376,37.524852,"Kiirua, Meru",Success,
CN-27488,000070RUMURUTI CATHOLIC DISPENSARY,LAIKIPIA,FAITH BASED ORGANIZATION (FBO),LEVEL 2,0.321036458859,36.76507926291,Laikipia,Success,
CN-27839,015416ST JOSEPH SHELTER OF HOPE MISSION HOSPITAL,TAITA-TAVETA,FAITH BASED ORGANIZATION (FBO),LEVEL 4,-3.436547605259,38.417882139111,Taita Taveta,Success,
CN-27842,000998MUMIAS JAMIA HEALTH CENTER,KAKAMEGA,FAITH BASED ORGANIZATION (FBO),LEVEL 3A,0.1304458,34.6745821,Health Centre,Success,
CN-28327,002860BETTER LIVING HOSPITAL,NAIROBI,FAITH BASED ORGANIZATION (FBO),LEVEL 3B,-1.2857857,36.8200253,Nairobi,Success,
CN-28348,014696CHRISTIAN MISSION INTERNATIONAL-SAMBOCHO HEALTH CENTRE,BUNGOMA,FAITH BASED ORGANIZATION (FBO),LEVEL 3A,0.748950071987,34.640152743934,Bungoma,Success,
CN-28572,001009ST. JOSEPH CATHOLIC DISPENSARY GITHURAI,KIAMBU,FAITH BASED ORGANIZATION (FBO),LEVEL 3B,-1.1672396,36.8255013,Kiambu,Success,
CN-28579,000123BISHOP U. J. KIOKO CATHOLIC HOSPITAL,MACHAKOS,FAITH BASED ORGANIZATION (FBO),LEVEL 4,-1.279605613208,37.413530961083,Machakos,Success,
CN-28599,003144MUSOA SDA DISPENSARY,MAKUENI,FAITH BASED ORGANIZATION (FBO),LEVEL 2,-1.7981322,37.6271041,Dispensary,Success,
CN-28895,000982ST. URSULAS DISPENSARY KIBOMET,TRANS-NZOIA,FAITH BASED ORGANIZATION (FBO),LEVEL 2,1.050719398347,34.957014580558,Trans Nzoia,Success,
CN-28933,014688KOLANYA SALVATION ARMY HEALTH CENTRE,BUSIA,FAITH BASED ORGANIZATION (FBO),LEVEL 3A,0.38569164205,34.193072581938,Busia,Success,
CN-29067,002149R.C.E.A PLATEAU MISSION HOSPITAL,UASIN GISHU,FAITH BASED ORGANIZATION (FBO),LEVEL 4,0.521314476021,35.31977624114,Uasin Gishu,Success,
CN-29187,001051OUR LADY OF LOURDES MWEA HOSPITAL,KIRINYAGA,FAITH BASED ORGANIZATION (FBO),LEVEL 5,-0.649619343166,37.388944632388,"Mwea, Kirinyaga",Success,
CN-29674,001627ACC & S KARIUA DISPENSARY,MURANGA,FAITH BASED ORGANIZATION (FBO),LEVEL 2,-0.7180943,37.1589456,"Muranga, Murang'a",Success,
CN-29905,014565ACK MT KENYA HOSPITAL MWEA,KIRINYAGA,FAITH BASED ORGANIZATION (FBO),LEVEL 3A,-0.649619343166,37.388944632388,"Mwea, Kirinyaga",Success,
CN-30032,001340FR. BALDO CATHOLIC DISPENSARY,NYANDARUA,FAITH BASED ORGANIZATION (FBO),LEVEL 2,-0.323536777902,36.481864588175,Nyandarua,Success,
CN-30105,005975HOLY FAMILY ORIANG HEALTH CENTRE,HOMA BAY,FAITH BASED ORGANIZATION (FBO),LEVEL 3B,-0.545235884388,34.356395993113,Homa Bay,Success,
CN-30166,002182KASIKEU CATHOLIC HEALTH CENTRE,MAKUENI,FAITH BASED ORGANIZATION (FBO),LEVEL 2,-2.160192128139,37.789123486634,Makueni,Success,
CN-30679,000523PCEA KASASULE HEALTH CLINIC,MAKUENI,FAITH BASED ORGANIZATION (FBO),LEVEL 3B,-2.160192128139,37.789123486634,Makueni,Success,
CN-30716,017501BARPELLO CATHOLIC DISPENSARY,BARINGO,FAITH BASED ORGANIZATION (FBO),LEVEL 2,0.671904478344,35.940931127722,Baringo,Success,
CN-31159,003001WIRE SDA DISPENSARY OYUGIS,HOMA BAY,FAITH BASED ORGANIZATION (FBO),LEVEL 2,-0.5093638,34.7354068,"Oyugis, Homa Bay",Success,
CN-31368,014788ST. ANNES DISPENSARY ESHISIRU,KAKAMEGA,FAITH BASED ORGANIZATION (FBO),LEVEL 2,0.2835999,34.6708002,"Eshisiru, Kakamega",Success,
CN-31450,000325MATUU MISSION HEALTH CENTRE,MACHAKOS,FAITH BASED ORGANIZATION (FBO),LEVEL 3A,-1.279605613208,37.413530961083,Machakos,Success,
CN-31557,001522MOI\\'S BRIDGE MISSION HEALTH CENTRE,UASIN GISHU,FAITH BASED ORGANIZATION (FBO),LEVEL 3B,0.521314476021,35.31977624114,Uasin Gishu,Success,
CN-31599,007813ST.DANIEL COMBONI-LOKORI PHC HEALTH CENTER,TURKANA,FAITH BASED ORGANIZATION (FBO),LEVEL 3A,3.186636109974,35.449603095023,Turkana,Success,
CN-32090,000670AIC ELDAMA RAVINE HEALTH CENTRE,BARINGO,FAITH BASED ORGANIZATION (FBO),LEVEL 3B,0.016685132869,35.711105194195,"Eldama Ravine, Baringo",Success,
CN-32656,006766ST MARYS KALOKOL DISPENSARY,TURKANA,FAITH BASED ORGANIZATION (FBO),LEVEL 2,3.186636109974,35.449603095023,Turkana,Success,
CN-32792,002967ARCHER\\'S POST CATHOLIC HEALTH CENTRE,ISIOLO,FAITH BASED ORGANIZATION (FBO),LEVEL 3A,1.009414834849,38.539540438792,Isiolo,Success,
CN-32816,000312TENWEK HOSPITAL,BOMET,FAITH BASED ORGANIZATION (FBO),LEVEL 5,-0.7435533,35.3654285,Hospital,Success,
CN-32890,001312MISSION OF MERCY HOSPITAL,BUNGOMA,FAITH BASED ORGANIZATION (FBO),LEVEL 3A,0.748950071987,34.640152743934,Bungoma,Success,
CN-33016,000814ST. JOSEPHS MISSION HOSPITAL MIGORI,MIGORI,FAITH BASED ORGANIZATION (FBO),LEVEL 4,-1.07055,34.4752,Saint Joseph Mission Hospital,Success,
CN-33206,006414MONIANKU HEALTH CENTRE,KISII,FAITH BASED ORGANIZATION (FBO),LEVEL 3B,-0.8742436,34.8387474,Health Centre,Success,
CN-33235,003302BERALDO FAMILY MEDICAL CLINIC AND RESOURCE CENTRE EMALINDI,KAKAMEGA,FAITH BASED ORGANIZATION (FBO),LEVEL 3A,0.28422,34.75229,Kakamega,Success,
CN-33476,000862FATIMA HEALTH CENTRE,KAJIADO,FAITH BASED ORGANIZATION (FBO),LEVEL 3B,-2.080021,36.8223205,Health Centre,Success,
CN-33678,005011ACK NAMBOBOTO HEALTH CENTRE,BUSIA,FAITH BASED ORGANIZATION (FBO),LEVEL 3A,0.38569164205,34.193072581938,Busia,Success,
CN-33911,004320FATIMA MISSION HOSPITAL,KAJIADO,FAITH BASED ORGANIZATION (FBO),LEVEL 4,-1.8419404,36.7892723,Kajiado,Success,
CN-33930,000251ASSUMPTION OF MARY ITHANGA CATHOLIC HOSPITAL,MURANGA,FAITH BASED ORGANIZATION (FBO),LEVEL 4,-0.7180943,37.1589456,"Muranga, Murang'a",Success,
CN-34054,018168ST.JOHN'S MISSION HOSPITAL SIRENDE,TRANS-NZOIA,FAITH BASED ORGANIZATION (FBO),LEVEL 4,1.050719398347,34.957014580558,Trans Nzoia,Success,
CN-34260,006614HOLY ROSARY HEALTH CENTRE NGONYEK,TRANS-NZOIA,FAITH BASED ORGANIZATION (FBO),LEVEL 3B,1.050719398347,34.957014580558,Trans Nzoia,Success,
CN-35842,001280MOGOTIO CATHOLIC DISPENSARY,BARINGO,FAITH BASED ORGANIZATION (FBO),LEVEL 2,0.671904478344,35.940931127722,Baringo,Success,
CN-36005,020127HOLY INNOCENTS BPSS CENTRE TIMAU,MERU,FAITH BASED ORGANIZATION (FBO),LEVEL 3B,0.0847934,37.2398001,"Timau, Meru",Success,
CN-36189,001779ST. MONICAH CATHOLIC DISPENSARY NGUUTANI,KITUI,FAITH BASED ORGANIZATION (FBO),LEVEL 2,-1.0321752,37.8801217,"Nguutani, Kitui",Success,
CN-36730,003959ST. PATRICK'S DISPENSARY,MOMBASA,FAITH BASED ORGANIZATION (FBO),LEVEL 2,-4.0574645,39.663945,Mombasa,Success,
CN-37239,001543ST. MARY\\'S MISSION HOSPITAL RIFTVALLEY BRANCH,NAKURU,FAITH BASED ORGANIZATION (FBO),LEVEL 4,-0.2806559,36.0794189,Nakuru,Success,
CN-37381,017406PEFA MERCY MISSION MEDICAL CENTRE,NYANDARUA,FAITH BASED ORGANIZATION (FBO),LEVEL 3A,-0.323536777902,36.481864588175,Nyandarua,Success,
CN-37439,015384ST CATHERINE\\'S ICHUNI MISSION HOSPITAL,KISII,FAITH BASED ORGANIZATION (FBO),LEVEL 4,-0.775814232663,34.777005852014,Kisii,Success,
CN-37479,007325ST MARK ORTHODOX HEALTH CENTRE,VIHIGA,FAITH BASED ORGANIZATION (FBO),LEVEL 3B,0.080244585317,34.730720378013,Vihiga,Success,
CN-38215,014730PCEA CHOGORIA MEDICAL CENTRE,THARAKA-NITHI,FAITH BASED ORGANIZATION (FBO),LEVEL 2,-0.2292557,37.6259082,"Chogoria, Tharaka-Nithi",Success,
CN-38892,002767RAPHA TOTAL CARE CLINICS,UASIN GISHU,FAITH BASED ORGANIZATION (FBO),LEVEL 2,0.521314476021,35.31977624114,Uasin Gishu,Success,
CN-39282,000665ST.MARYS MEDICAL CENTRE KAPSOYA,UASIN GISHU,FAITH BASED ORGANIZATION (FBO),LEVEL 2,0.521314476021,35.31977624114,Uasin Gishu,Success,
CN-39382,001903SISTERS OF ST. JOSEPH DISPENSARY MIVUMONI,KWALE,FAITH BASED ORGANIZATION (FBO),LEVEL 2,-4.21048,39.55678,"Mivumoni, Kwale",Success,
CN-39636,000895ZAM ZAM MEDICAL SERVICES,KAJIADO,FAITH BASED ORGANIZATION (FBO),LEVEL 3B,-1.8419404,36.7892723,Kajiado,Success,
CN-40350,015768ULANDA MISSION HEALTH CENTRE,MIGORI,FAITH BASED ORGANIZATION (FBO),LEVEL 3A,-1.2245645,34.4785521,Isebania Mission Health Centre,Success,
CN-40694,001542A.I.C KAPSOWAR MISSION HOSPITAL,ELGEYO-MARAKWET,FAITH BASED ORGANIZATION (FBO),LEVEL 5,0.9820537,35.5565711,"Kapsowar, Elgeyo-Marakwet",Success,
CN-40972,018517METHODIST TREATMENT AND REHABILITATION CENTRE,MERU,FAITH BASED ORGANIZATION (FBO),LEVEL 2,0.166838927273,37.764590845633,Meru,Success,
CN-41201,003022MARIIRA CATHOLIC DISPENSARY,MURANGA,FAITH BASED ORGANIZATION (FBO),LEVEL 2,-0.7180943,37.1589456,"Muranga, Murang'a",Success,
CN-41581,000456ST. THERESA MACHAKA VILLAGE CATHOLIC DISPENSARY,MERU,FAITH BASED ORGANIZATION (FBO),LEVEL 2,0.166838927273,37.764590845633,Meru,Success,
CN-41644,001889ST. THERESA MISSION DISPENSARY - CHONYI,KILIFI,FAITH BASED ORGANIZATION (FBO),LEVEL 2,-3.7754755,39.7086358,"Chonyi, Kilifi",Success,
CN-42051,008157KANGUNDO MEDICAL CENTRE,MACHAKOS,FAITH BASED ORGANIZATION (FBO),LEVEL 2,-1.279605613208,37.413530961083,Machakos,Success,
CN-42154,003132ST. BRIDGET DISPENSARY,NAIROBI,FAITH BASED ORGANIZATION (FBO),LEVEL 2,-1.2635299,36.7077619,Dispensary,Success,
CN-42284,002906CHRISTAMARIANNE MISSION HOSPITAL (ASUMBI),KISII,FAITH BASED ORGANIZATION (FBO),LEVEL 5,-0.775814232663,34.777005852014,Kisii,Success,
CN-42298,000158BIAFRA MEDICAL CLINIC,NAIROBI,FAITH BASED ORGANIZATION (FBO),LEVEL 2,-1.2861836,36.8447974,Clinic,Success,
CN-43385,006934ST ELIZABETH MBAGA HEALTH CENTER,SIAYA,FAITH BASED ORGANIZATION (FBO),LEVEL 3A,-0.06564696176,34.248353736491,Siaya,Success,
CN-43665,001680A.C.K ISIOLO DISPENSARY,ISIOLO,FAITH BASED ORGANIZATION (FBO),LEVEL 2,1.009414834849,38.539540438792,Isiolo,Success,
CN-43763,003660NYANCHWA ADVENTIST MISSION HOSPITAL,KISII,FAITH BASED ORGANIZATION (FBO),LEVEL 4,-0.775814232663,34.777005852014,Kisii,Success,
CN-44080,003320MARY IMMACULATE KERUGOYA HOSPITAL,KIRINYAGA,FAITH BASED ORGANIZATION (FBO),LEVEL 4,-0.49887,37.28031,"Kerugoya, Kirinyaga",Success,
CN-44384,000561PCEA TUMUTUMU MISSION HOSPITAL,NYERI,FAITH BASED ORGANIZATION (FBO),LEVEL 5,-0.4903718,37.0823253,"Tumu Tumu, Nyeri",Success,
CN-44590,000001KAMIRITHU ST. CHARLES LWANGA CATHOLIC HEALTH CENTRE,KIAMBU,FAITH BASED ORGANIZATION (FBO),LEVEL 3A,-1.1672396,36.8255013,Kiambu,Success,
CN-44833,000575COPTIC HOSPITAL - NGONG ROAD,NAIROBI,FAITH BASED ORGANIZATION (FBO),LEVEL 6A,-1.2857857,36.8200253,Nairobi,Success,
CN-45080,018093CDM-DIFATHAS CATHOLIC DISPENSARY,KIRINYAGA,FAITH BASED ORGANIZATION (FBO),LEVEL 2,-0.525012949373,37.320744609382,Kirinyaga,Success,
CN-45237,000513AFRICA MUSLIMS AGENCY HEALTH CENTRE THIKA,KIAMBU,FAITH BASED ORGANIZATION (FBO),LEVEL 4,-1.0456234,37.0751363,"Thika, Kiambu",Success,
CN-45573,017299AMI RUHAMA CHURCH WARABA MEDICAL CENTRE,BUNGOMA,FAITH BASED ORGANIZATION (FBO),LEVEL 3A,0.748950071987,34.640152743934,Bungoma,Success,
CN-45589,003140ARROR HEALTH CENTRE,ELGEYO-MARAKWET,FAITH BASED ORGANIZATION (FBO),LEVEL 3A,0.3887242,35.5518059,Health Centre,Success,
CN-45637,000635ST. TERESA PARISH DISPENSARY,NAIROBI,FAITH BASED ORGANIZATION (FBO),LEVEL 2,-1.2857857,36.8200253,Nairobi,Success,
CN-45839,003311BARATON JEREMIC COMMUNITY MEDICAL CENTRE,NANDI,FAITH BASED ORGANIZATION (FBO),LEVEL 4,0.182680842869,35.108710560862,Nandi,Success,
CN-46004,001271CARITAS MARIANA MAG. WALTRAUD SCHULTZ MEMORIAL DISPENSARY,KIAMBU,FAITH BASED ORGANIZATION (FBO),LEVEL 2,-1.1672396,36.8255013,Kiambu,Success,
CN-46231,002551AIC KIJABE HOSPITAL MARIRA DISPENSARY,KIAMBU,FAITH BASED ORGANIZATION (FBO),LEVEL 2,-1.1672396,36.8255013,Kiambu,Success,
CN-46536,000799NORTH KINANGOP CATHOLIC HOSPITAL,NYANDARUA,FAITH BASED ORGANIZATION (FBO),LEVEL 5,-0.705624025313,36.610435033945,"Kinangop, Nyandarua",Success,
CN-47260,002861A.I.C. KALOKOL HEALTH CENTRE,TURKANA,FAITH BASED ORGANIZATION (FBO),LEVEL 3A,1.1893381,36.1087687,Health Centre,Success,
CN-47299,016904FPFK NYAMBARE MISSION HOSPITAL,SIAYA,FAITH BASED ORGANIZATION (FBO),LEVEL 3B,-0.06564696176,34.248353736491,Siaya,Success,
CN-47796,001100ST. ANNES MIDA CATHOLIC CHURCH DISPENSARY,KILIFI,FAITH BASED ORGANIZATION (FBO),LEVEL 2,-3.176503150822,39.68804728776,Kilifi,Success,
CN-47872,006780ST PATRICK KANAMKEMER DISPENSARY,TURKANA,FAITH BASED ORGANIZATION (FBO),LEVEL 2,3.186636109974,35.449603095023,Turkana,Success,
CN-48190,017262TENWEK HOSPITAL-HEALTH CENTRE KABOSON,BOMET,FAITH BASED ORGANIZATION (FBO),LEVEL 3B,-1.0,35.25,"Kaboson, Bomet",Success,
CN-48612,007207REGAOL BARNABAS MEDICAL CLINIC,MIGORI,FAITH BASED ORGANIZATION (FBO),LEVEL 3B,-0.989136495207,34.364493855317,Migori,Success,
CN-48920,001821ST. ANTHONYS HEALTH CENTRE ABOSSI,NAROK,FAITH BASED ORGANIZATION (FBO),LEVEL 3B,-0.910437,35.0564274,"Abosi, Narok",Success,
CN-49080,003136HOLY FAMILY CATHOLIC MISSION HOSPITAL,KIAMBU,FAITH BASED ORGANIZATION (FBO),LEVEL 3A,-1.1672396,36.8255013,Kiambu,Success,
CN-49220,016987IMPACT HEALTHCARE ANNEX,NAKURU,FAITH BASED ORGANIZATION (FBO),LEVEL 3A,-0.2806559,36.0794189,Nakuru,Success,
CN-49528,000752ST. THERESA RIIJI HEALTH CENTRE,MERU,FAITH BASED ORGANIZATION (FBO),LEVEL 3B,0.166838927273,37.764590845633,Meru,Success,
CN-50756,022104ST.FRANCIS MISSION HOSPITAL-MASIMBA MARKET,KISII,FAITH BASED ORGANIZATION (FBO),LEVEL 3A,-0.775814232663,34.777005852014,Kisii,Success,
CN-50878,002543ITANDO MISSION OF HOPE AND HEALTHCARE,VIHIGA,FAITH BASED ORGANIZATION (FBO),LEVEL 4,0.080244585317,34.730720378013,Vihiga,Success,
CN-50957,002427ISIBANIA MISSION HEALTH CENTRE,MIGORI,FAITH BASED ORGANIZATION (FBO),LEVEL 3B,-1.2245645,34.4785521,Isebania Mission Health Centre,Success,
CN-51294,006223OUR LADY OF LOURDES MUTOMO HOSPITAL ATHI CLINIC,KITUI,FAITH BASED ORGANIZATION (FBO),LEVEL 3B,-1.493161090519,38.407478986946,Kitui,Success,
CN-51416,004329ST ANTHONYS KIBABII HEALTH CENTRE,BUNGOMA,FAITH BASED ORGANIZATION (FBO),LEVEL 3B,0.748950071987,34.640152743934,Bungoma,Success,
CN-51852,000142ST. CAMILLUS MISSION HOSPITAL KARUNGU,MIGORI,FAITH BASED ORGANIZATION (FBO),LEVEL 4,-0.8417693,34.1558463,"Karungu, Migori",Success,
CN-52008,001314IMARA HEALTHCARE CENTRE,NAIROBI,FAITH BASED ORGANIZATION (FBO),LEVEL 3A,-1.3345659,36.8334263,Imara Healthcare Centre,Success,
CN-52021,020301ST JOHN\\'S TONGAREN MISSION DISPENSARY,BUNGOMA,FAITH BASED ORGANIZATION (FBO),LEVEL 2,0.748950071987,34.640152743934,Bungoma,Success,
CN-52257,003961EASTERN DEANERY AIDS RELIEF PROGRAMME KOMAROCK CLINIC,NAIROBI,FAITH BASED ORGANIZATION (FBO),LEVEL 2,-1.2857857,36.8200253,Nairobi,Success,
CN-52272,000392SIKH TEMPLE MAKINDU HOSPITAL,MAKUENI,FAITH BASED ORGANIZATION (FBO),LEVEL 3B,-2.2831992,37.8219269,Sikh Temple Hospital - Makindu,Success,
CN-52450,001806MWINGI FAITH MEDICAL CENTRE,KITUI,FAITH BASED ORGANIZATION (FBO),LEVEL 3B,-1.493161090519,38.407478986946,Kitui,Success,
CN-52499,006785ST ELIZABETH LORUGUM,TURKANA,FAITH BASED ORGANIZATION (FBO),LEVEL 3B,2.89199,35.26492,"Lorugumu, Turkana",Success,
CN-52672,000437PCEA CHOGORIA HOSPITAL,THARAKA-NITHI,FAITH BASED ORGANIZATION (FBO),LEVEL 5,-0.2292557,37.6259082,"Chogoria, Tharaka-Nithi",Success,
CN-53113,000960IMMACULATE CONCEPTION HEALTH CENTRE- KAPNYEBERAI,NANDI,FAITH BASED ORGANIZATION (FBO),LEVEL 3A,0.2111308,35.2315756,"Kamyeberai, Nandi",Success,
CN-53213,001082ST. JOHN OF GOD CATHOLIC HOSPITAL TIGANIA,MERU,FAITH BASED ORGANIZATION (FBO),LEVEL 4,0.213866,37.7906121,"Tigania, Meru",Success,
CN-53237,000556MAKADARA MERCY SISTERS DISPENSARY,NAIROBI,FAITH BASED ORGANIZATION (FBO),LEVEL 2,-1.2857857,36.8200253,Nairobi,Success,
CN-53274,000493 ST. ANNE MISSION HOSPITAL,MERU,FAITH BASED ORGANIZATION (FBO),LEVEL 4,0.166838927273,37.764590845633,Meru,Success,
CN-53618,017137MOHETO UNITED METHODIST MISSION HEALTH CENTRE,MIGORI,FAITH BASED ORGANIZATION (FBO),LEVEL 3B,-0.989136495207,34.364493855317,Migori,Success,
CN-53701,001785DOPHIL NURSING & MATERNITY HOME NOMIYA FAITH BASED,SIAYA,FAITH BASED ORGANIZATION (FBO),LEVEL 4,-0.06564696176,34.248353736491,Siaya,Success,
CN-53809,001376OUR LADY OF PEACE MISSION HOSPITAL CHEBUKAKA,BUNGOMA,FAITH BASED ORGANIZATION (FBO),LEVEL 4,0.7527426,34.6088327,"Chebukaka, Bungoma",Success,
CN-53821,000242AIC LITEIN HOSPITAL,KERICHO,FAITH BASED ORGANIZATION (FBO),LEVEL 5,-0.5828383,35.1908492,"Litein, Kericho",Success,
CN-53934,17993CARDINAL OTUNGA HEALTH CENTRE,KIAMBU,FAITH BASED ORGANIZATION (FBO),LEVEL 3B,-1.1672396,36.8255013,Kiambu,Success,
CN-54040,001832EASTERN DEANERY AIDS RELIEF PROGRAM - SOWETO CLINIC,NAIROBI,FAITH BASED ORGANIZATION (FBO),LEVEL 2,-1.2857857,36.8200253,Nairobi,Success,
CN-54166,015918ST.JOHN THE BAPTIST -METABURO,KISII,FAITH BASED ORGANIZATION (FBO),LEVEL 3B,-0.775814232663,34.777005852014,Kisii,Success,
CN-54380,000322ST. BRIGITTAS CATHOLIC HOSPITAL,UASIN GISHU,FAITH BASED ORGANIZATION (FBO),LEVEL 4,0.521314476021,35.31977624114,Uasin Gishu,Success,
CN-54392,003825CATHOLIC DISPENSARY NGAREMARA,ISIOLO,FAITH BASED ORGANIZATION (FBO),LEVEL 2,1.009414834849,38.539540438792,Isiolo,Success,
CN-54762,003064KIANYAGA CATHOLIC HEALTH CENTRE,KIRINYAGA,FAITH BASED ORGANIZATION (FBO),LEVEL 3B,-0.525012949373,37.320744609382,Kirinyaga,Success,
CN-55111,003429AFRICA INLAND CHURCH LALANG AMALO HEALTH CENTRE,NAKURU,FAITH BASED ORGANIZATION (FBO),LEVEL 3B,-0.2806559,36.0794189,Nakuru,Success,
CN-55125,001519LIKONI CATHOLIC HOSPITAL,MOMBASA,FAITH BASED ORGANIZATION (FBO),LEVEL 3B,-4.0574645,39.663945,Mombasa,Success,
CN-55316,000790CHRISTIAN COMMUNITY SERVICES MAYORI DISPENSARY,EMBU,FAITH BASED ORGANIZATION (FBO),LEVEL 2,-0.5379964,37.4543311,Embu,Success,
CN-55458,003632REINHA ROSARY MISSION HOSPITAL,NAIROBI,FAITH BASED ORGANIZATION (FBO),LEVEL 4,-1.2857857,36.8200253,Nairobi,Success,
CN-56265,015261ST. MARY GORETTY NYAMONYE MISSION HEALTH CENTRE,SIAYA,FAITH BASED ORGANIZATION (FBO),LEVEL 3B,-0.06564696176,34.248353736491,Siaya,Success,
CN-56477,000294CONSOLATA HOSPITAL KYENI -KITOLOLONI CATHOLIC DISPENSARY,EMBU,FAITH BASED ORGANIZATION (FBO),LEVEL 2,-0.5379964,37.4543311,Embu,Success,
CN-56882,006763KATABOI DISPENSARY,TURKANA,FAITH BASED ORGANIZATION (FBO),LEVEL 2,3.186636109974,35.449603095023,Turkana,Success,
CN-57141,014654NAKWAMORU HEALTH CENTRE,TURKANA,FAITH BASED ORGANIZATION (FBO),LEVEL 3B,1.1893381,36.1087687,Health Centre,Success,
CN-57376,002865CATHOLIC MISSION DISPENSARY MAKUENI,MAKUENI,FAITH BASED ORGANIZATION (FBO),LEVEL 2,-1.960707833918,37.686655295403,Makueni,Success,
CN-57392,005774CDM ICHAGAKI HEALTH CENTRE,MURANGA,FAITH BASED ORGANIZATION (FBO),LEVEL 3B,-0.8,37.1,"Ichagaki, Murang'A",Success,
CN-57711,001281HEKIMA DISPENSARY,NAKURU,FAITH BASED ORGANIZATION (FBO),LEVEL 2,-0.3020422,36.0723128,Dispensary,Success,
CN-57950,016391KAGONDO EMMANUEL MISSION HOSPITAL,KIAMBU,FAITH BASED ORGANIZATION (FBO),LEVEL 4,-1.1672396,36.8255013,Kiambu,Success,
CN-58054,002772ST. JOSEPH HEALTH CENTRE NGANDO,NAIROBI,FAITH BASED ORGANIZATION (FBO),LEVEL 3B,-1.30412,36.73978,"Ngando, Nairobi",Success,
CN-58320,002307ACK KIRIARI DISPENSARY,EMBU,FAITH BASED ORGANIZATION (FBO),LEVEL 2,-0.5379964,37.4543311,Embu,Success,
CN-58880,006776MARY IMMACULATE HEALTH CENTRE KAPTAGAT,UASIN GISHU,FAITH BASED ORGANIZATION (FBO),LEVEL 3B,0.48234,35.4121,"Kaptagat, Uasin Gishu",Success,
CN-59058,016123CDM KARIA CATHOLIC DISPENSARY,KIRINYAGA,FAITH BASED ORGANIZATION (FBO),LEVEL 2,-0.525012949373,37.320744609382,Kirinyaga,Success,
CN-59574,001275MARY IMMACULATE DISPENSARY NANYUKI,LAIKIPIA,FAITH BASED ORGANIZATION (FBO),LEVEL 2,0.0153453,37.0786887,"Nanyuki, Laikipia",Success,
CN-59758,000637CONSOLATA HOSPITAL MATHARI,NYERI,FAITH BASED ORGANIZATION (FBO),LEVEL 5,-0.40713,36.92117,"Mathari, Nyeri",Success,
CN-60183,001029ST. ANTHONY CATHOLIC HOSPITAL,NAKURU,FAITH BASED ORGANIZATION (FBO),LEVEL 4,-0.2806559,36.0794189,Nakuru,Success,
CN-60349,016712GOOD SAMARITAN CATHOLIC MISSION HOSPITAL,BARINGO,FAITH BASED ORGANIZATION (FBO),LEVEL 4,0.671904478344,35.940931127722,Baringo,Success,
CN-60464,007116LANGAS RACECOURSE NURSING HOME,UASIN GISHU,FAITH BASED ORGANIZATION (FBO),LEVEL 3B,0.521314476021,35.31977624114,Uasin Gishu,Success,
CN-60728,001311KAIBOI MISSION HEALTH CENTRE,NANDI,FAITH BASED ORGANIZATION (FBO),LEVEL 3B,0.182680842869,35.108710560862,Nandi,Success,
CN-60752,001343GOOD SHEPHERD ANGIYA DISPENSARY,HOMA BAY,FAITH BASED ORGANIZATION (FBO),LEVEL 2,-0.545235884388,34.356395993113,Homa Bay,Success,
CN-60952,020811AHMADIYYA MUSLIM HOSPITAL,KAKAMEGA,FAITH BASED ORGANIZATION (FBO),LEVEL 4,0.28422,34.75229,Kakamega,Success,
CN-61251,000823ST. ORSOLA MISSION HOSPITAL,THARAKA-NITHI,FAITH BASED ORGANIZATION (FBO),LEVEL 4,-0.3163682,37.9003039,St. Orsola Mission Hospital,Success,
CN-61373,000259MOTHER AMADEA MISSION HOSPITAL,MOMBASA,FAITH BASED ORGANIZATION (FBO),LEVEL 4,-4.0574645,39.663945,Mombasa,Success,
CN-61487,006356OUR LADY OF MERCY MISSION HOSPITAL,NAKURU,FAITH BASED ORGANIZATION (FBO),LEVEL 4,-0.2806559,36.0794189,Nakuru,Success,
CN-61533,000994ST. JOSEPH THE WORKER DISPENSARY KANGEMI,NAIROBI,FAITH BASED ORGANIZATION (FBO),LEVEL 3B,-1.2731917,36.7433548,"Kangemi, Westlands, Nairobi",Success,
CN-61547,001119TARASAA CATHOLIC DISPENSARY,TANA RIVER,FAITH BASED ORGANIZATION (FBO),LEVEL 2,-1.525833141625,39.418023580214,Tana River,Success,
CN-61573,017978ST.MARY\\'S MISSION HOSPITAL-BULIMBO,KAKAMEGA,FAITH BASED ORGANIZATION (FBO),LEVEL 3B,0.4349753,34.5079796,"Bulimbo, Kakamega",Success,
CN-61715,000442DIVINE MERCY KITHATU HEALTH CENTRE,MERU,FAITH BASED ORGANIZATION (FBO),LEVEL 3B,0.166838927273,37.764590845633,Meru,Success,
CN-61938,002060ST. JOSEPH THE WORKER DISPENSARY -N ENKARE,NAROK,FAITH BASED ORGANIZATION (FBO),LEVEL 2,-1.257270424837,35.575800972424,Narok,Success,
CN-62387,016474F.S.J. NYAMIRANGA DIVINE MERCY HEALTH CENTRE,NYAMIRA,FAITH BASED ORGANIZATION (FBO),LEVEL 3B,-0.640626239534,34.967387947932,Nyamira,Success,
CN-62518,002488ST. VINCENT DE PAULS HEALTH CENTRE,KISUMU,FAITH BASED ORGANIZATION (FBO),LEVEL 4,-0.173053648767,34.839859182104,Kisumu,Success,
CN-62603,001492IMMACULATE HEART HOSPITAL KEREITA,KIAMBU,FAITH BASED ORGANIZATION (FBO),LEVEL 4,-0.9923784,36.6371114,"Kereita, Kiambu",Success,
CN-63071,006777OUR LADY OF LOURDES MUTOMO HOSPITAL,KITUI,FAITH BASED ORGANIZATION (FBO),LEVEL 4,-1.8479488,38.2078427,"Mutomo, Kitui",Success,
CN-63344,000835ST. CLAIRE DISPENSARY,NAKURU,FAITH BASED ORGANIZATION (FBO),LEVEL 3B,-0.3020422,36.0723128,Dispensary,Success,
CN-63641,000447TUURU COTTOLENGO HEALTH CENTRE,MERU,FAITH BASED ORGANIZATION (FBO),LEVEL 3B,0.166838927273,37.764590845633,Meru,Success,
CN-64356,002922BIRIBIRIET A.I.C DISPENSARY,TRANS-NZOIA,FAITH BASED ORGANIZATION (FBO),LEVEL 2,1.050719398347,34.957014580558,Trans Nzoia,Success,
CN-64366,023717SISTERS OF THE BLESSED VIRGIN-ST.LUCY\\'S OROGARE MISSION DISPENSARY,KISII,FAITH BASED ORGANIZATION (FBO),LEVEL 2,-0.775814232663,34.777005852014,Kisii,Success,
CN-64545,000830IMMACULATE HEART OF MARY MISSION HOSPITAL KILIMAMBOGO,KIAMBU,FAITH BASED ORGANIZATION (FBO),LEVEL 4,-1.0726293,37.2350959,"Kilima Mbogo, Kiambu",Success,
CN-64623,016033ACK DR. PIKE ROPER MEDICAL CENTRE,BUNGOMA,FAITH BASED ORGANIZATION (FBO),LEVEL 3A,0.748950071987,34.640152743934,Bungoma,Success,
CN-65173,000469EMBOBUT CATHOLIC MISSION DISPENSARY,ELGEYO-MARAKWET,FAITH BASED ORGANIZATION (FBO),LEVEL 2,0.799371947909,35.536865408174,Elgeyo-Marakwet,Success,
CN-65323,000435ST. ANNES SEGA MISSION HOSPITAL,SIAYA,FAITH BASED ORGANIZATION (FBO),LEVEL 4,0.2573681,34.2268709,Sega Mission Hospital,Success,
CN-65508,001662F.S.J ST. THERESA ASUMBI MISSION HOSPITAL,HOMA BAY,FAITH BASED ORGANIZATION (FBO),LEVEL 4,-0.6215708,34.6158617,"Asumbi, Homa Bay",Success,
CN-65588,020003NEWLIFE MISSION HEALTH CENTRE MASHUURU,KAJIADO,FAITH BASED ORGANIZATION (FBO),LEVEL 2,-2.1041514,37.1295511,"Mashuru, Kajiado",Success,
CN-65643,002092MEWA HOSPITAL MOMBASA,MOMBASA,FAITH BASED ORGANIZATION (FBO),LEVEL 4,-4.058813238121,39.671819391181,"Hospital Street, Mombasa",Success,
CN-65861,016610NGOSWANI COMMUNITY HEALTH CENTER,NAROK,FAITH BASED ORGANIZATION (FBO),LEVEL 3B,-1.257270424837,35.575800972424,Narok,Success,
CN-65933,001822ST. ANTHONY HEALTH CENTRE LEMEK,NAROK,FAITH BASED ORGANIZATION (FBO),LEVEL 3B,-1.098363,35.3923867,"Lemek, Narok",Success,
CN-66435,003164SOLOLO CATHOLIC MISSION HOSPITAL,MARSABIT,FAITH BASED ORGANIZATION (FBO),LEVEL 4,2.980491275449,37.570848791063,Marsabit,Success,
CN-66443,017553CONSOLATA HOSPITAL KYENI KIBUGUA DISPENSARY,THARAKA-NITHI,FAITH BASED ORGANIZATION (FBO),LEVEL 2,-0.36667,37.61667,"Kibugwa, Tharaka",Success,
CN-66446,003581ST. ODILIAS DISPENSARY,NAIROBI,FAITH BASED ORGANIZATION (FBO),LEVEL 2,-1.3100268,36.7793913,Saint Odilia's Dispensary,Success,
CN-66630,002826GATUNGA CATHOLIC HEALTH CENTRE,THARAKA-NITHI,FAITH BASED ORGANIZATION (FBO),LEVEL 3B,-0.206516213429,37.868692128983,Tharaka-Nithi,Success,
CN-66678,000817ORTUM MISSION HOSPITAL,WEST POKOT,FAITH BASED ORGANIZATION (FBO),LEVEL 4,1.730227858033,35.246700118527,West Pokot,Success,
CN-66836,005953RTC MEDICAL CENTRE,HOMA BAY,FAITH BASED ORGANIZATION (FBO),LEVEL 4,-0.545235884388,34.356395993113,Homa Bay,Success,
CN-67176,001639ST. JOSEPH BURA MISSION DISPENSARY,TAITA-TAVETA,FAITH BASED ORGANIZATION (FBO),LEVEL 2,-3.436547605259,38.417882139111,Taita Taveta,Success,
CN-67188,006141OUR LADY STAR OF THE SEA HURUMA HEALTH CENTRE,NAKURU,FAITH BASED ORGANIZATION (FBO),LEVEL 3B,-0.2806559,36.0794189,Nakuru,Success,
CN-67508,023500ST JOSEPH\\'S MISSION HOSPITAL RIAT,HOMA BAY,FAITH BASED ORGANIZATION (FBO),LEVEL 2,-0.3476814,34.589509,"Riat, Homa Bay",Success,
CN-67556,001128COPTIC HOSPITAL - LUANDA,VIHIGA,FAITH BASED ORGANIZATION (FBO),LEVEL 4,0.0237146,34.619457,Hospital,Success,
CN-67907,003907NAMORUPUTH PAG HEALTH CENTRE,TURKANA,FAITH BASED ORGANIZATION (FBO),LEVEL 3A,3.186636109974,35.449603095023,Turkana,Success,
CN-68220,000617LIGHT HOUSE FOR CHRIST EYE CENTRE,MOMBASA,FAITH BASED ORGANIZATION (FBO),LEVEL 4,-4.0574645,39.663945,Mombasa,Success,
CN-68919,003471EBENEZER HEALTH CARE-UKWALA,SIAYA,FAITH BASED ORGANIZATION (FBO),LEVEL 3A,0.1924719,34.1901769,"Ukwala, Siaya",Success,
CN-69094,002864KIMA MISSION HOSPITAL,VIHIGA,FAITH BASED ORGANIZATION (FBO),LEVEL 4,0.080244585317,34.730720378013,Vihiga,Success,
CN-69340,000930ST. CLARES BOLO MISSION HEALTH CENTRE,KISUMU,FAITH BASED ORGANIZATION (FBO),LEVEL 3B,-0.173053648767,34.839859182104,Kisumu,Success,
CN-69587,002299KAMBU CATHOLIC DISPENSARY,MAKUENI,FAITH BASED ORGANIZATION (FBO),LEVEL 3B,-2.160192128139,37.789123486634,Makueni,Success,
CN-70491,000301ST. JOSEPH MUKASA HEALTH CENTRE,NAIROBI,FAITH BASED ORGANIZATION (FBO),LEVEL 3A,-1.2857857,36.8200253,Nairobi,Success,
CN-70894,001188CANA FAMILY CLINIC AND RESOURCE CENTRE,NAIROBI,FAITH BASED ORGANIZATION (FBO),LEVEL 3B,-1.2857857,36.8200253,Nairobi,Success,
CN-70897,001870ROMBO HEALTH CENTRE,KAJIADO,FAITH BASED ORGANIZATION (FBO),LEVEL 3B,-2.080021,36.8223205,Health Centre,Success,
CN-71384,000742ST. THERESE DISPENSARY,KAJIADO,FAITH BASED ORGANIZATION (FBO),LEVEL 2,-2.4119981,36.5503647,Dispensary,Success,
CN-71723,021140COPTIC HOSPITAL-SALGAA,NAKURU,FAITH BASED ORGANIZATION (FBO),LEVEL 4,-0.2074025,35.8481313,"Salgaa, Nakuru",Success,
CN-71753,002888KALIMONI MISSION HOSPITAL-GITHURAI BRANCH,NAIROBI,FAITH BASED ORGANIZATION (FBO),LEVEL 3A,-1.20549,36.91389,"Githurai, Nairobi",Success,
CN-71947,006767ST.JOSEPH\\'S LOWARENGAK HEALTH CENTRE,TURKANA,FAITH BASED ORGANIZATION (FBO),LEVEL 3A,3.186636109974,35.449603095023,Turkana,Success,
CN-72101,007046OUR LADY OF MERCY KEBIRIGO(IBARA) HEALTH CENTRE,NYAMIRA,FAITH BASED ORGANIZATION (FBO),LEVEL 3B,-0.640626239534,34.967387947932,Nyamira,Success,
CN-72129,001369MARIGAT CATHOLIC MISSION HEALTH CENTRE,BARINGO,FAITH BASED ORGANIZATION (FBO),LEVEL 4,0.671904478344,35.940931127722,Baringo,Success,
CN-72232,006772NADAPAL DISPENSARY,TURKANA,FAITH BASED ORGANIZATION (FBO),LEVEL 2,3.186636109974,35.449603095023,Turkana,Success,
CN-72918,002339GIRIAMA MISSION DISPENSARY,KILIFI,FAITH BASED ORGANIZATION (FBO),LEVEL 2,-3.176503150822,39.68804728776,Kilifi,Success,
CN-72956,020186AGC LIONS NGOSWANI HOSPITAL,NAROK,FAITH BASED ORGANIZATION (FBO),LEVEL 3A,-1.257270424837,35.575800972424,Narok,Success,
CN-73220,001402ST. FRANCIS COMMUNITY HOSPITAL,NAIROBI,FAITH BASED ORGANIZATION (FBO),LEVEL 5,-1.2857857,36.8200253,Nairobi,Success,
CN-73643,003571ST THERESA FSJ ASUMBI RODI HEALTH CENTRE,HOMA BAY,FAITH BASED ORGANIZATION (FBO),LEVEL 3B,-0.545235884388,34.356395993113,Homa Bay,Success,
CN-73744,003262TRINITY MISSION HOSPITAL LESERU,UASIN GISHU,FAITH BASED ORGANIZATION (FBO),LEVEL 4,0.5865785,35.1819013,"Leseru, Uasin Gishu",Success,
CN-73897,003430EMMANUEL MISSION HEALTH CENTRE,BUNGOMA,FAITH BASED ORGANIZATION (FBO),LEVEL 3A,0.748950071987,34.640152743934,Bungoma,Success,
CN-73921,001253KAKUMA MISSION HOSPITAL,TURKANA,FAITH BASED ORGANIZATION (FBO),LEVEL 4,3.186636109974,35.449603095023,Turkana,Success,
CN-74123,002811ST PIUS MUSOLI HEALTH CENTRE,KAKAMEGA,FAITH BASED ORGANIZATION (FBO),LEVEL 3A,0.28422,34.75229,Kakamega,Success,
CN-74825,001675KIMENDE ORTHODOX MISSION HEALTH CENTRE,KIAMBU,FAITH BASED ORGANIZATION (FBO),LEVEL 3B,-1.1672396,36.8255013,Kiambu,Success,
CN-74993,000667ST. MONICAH RAPOGI MISSION HEALTH CENTRE,MIGORI,FAITH BASED ORGANIZATION (FBO),LEVEL 3A,-0.989136495207,34.364493855317,Migori,Success,
CN-75018,002381CATHOLIC HOSPITAL WAMBA,SAMBURU,FAITH BASED ORGANIZATION (FBO),LEVEL 4,0.9787842,37.3252941,"Wamba, Samburu",Success,
CN-75296,001450POPE BENEDICT XVI HOSPITAL,LAIKIPIA,FAITH BASED ORGANIZATION (FBO),LEVEL 4,0.321036458859,36.76507926291,Laikipia,Success,
CN-75329,019702P.A.G. (K) MISSION HOSPITAL GOIBEI,VIHIGA,FAITH BASED ORGANIZATION (FBO),LEVEL 3A,0.059446,34.8389144,"Goibei, Vihiga",Success,
CN-75412,003003MARALAL CATHOLIC DISPENSARY,SAMBURU,FAITH BASED ORGANIZATION (FBO),LEVEL 2,1.318064167382,37.118371297502,Samburu,Success,
CN-75505,001185AIC KIJABE HOSPITAL,KIAMBU,FAITH BASED ORGANIZATION (FBO),LEVEL 5,-0.949326474328,36.623243687327,Kijabe Hospital Link Road,Success,
CN-75841,000433SHIRIKISHO DISPENSARY OYUGIS,HOMA BAY,FAITH BASED ORGANIZATION (FBO),LEVEL 3B,-0.5093638,34.7354068,"Oyugis, Homa Bay",Success,
CN-75937,003697BALDO IPPOLITA CATHOLIC HEALTH CENTRE,NAIROBI,FAITH BASED ORGANIZATION (FBO),LEVEL 3A,-1.2857857,36.8200253,Nairobi,Success,
CN-76104,000824CONSOLATA COTTAGE HOSPITAL CHUKA,THARAKA-NITHI,FAITH BASED ORGANIZATION (FBO),LEVEL 4,-0.3324938,37.6510117,"Chuka, Tharaka-Nithi",Success,
CN-76149,000467NGARUA CATHOLIC DISPENSARY,LAIKIPIA,FAITH BASED ORGANIZATION (FBO),LEVEL 2,0.321036458859,36.76507926291,Laikipia,Success,
CN-76152,001829EASTERN DEANERY AIDS RELIEF PROGRAM - SHAURI MOYO CLINIC,NAIROBI,FAITH BASED ORGANIZATION (FBO),LEVEL 2,-1.2857857,36.8200253,Nairobi,Success,
CN-76161,001482FR. ADRIANO BONFANTI CATHOLIC HEALTH CENTRE,KAJIADO,FAITH BASED ORGANIZATION (FBO),LEVEL 3B,-1.8419404,36.7892723,Kajiado,Success,
CN-76399,014721SHREE SWAMINARAYAN HOSPITAL,NAIROBI,FAITH BASED ORGANIZATION (FBO),LEVEL 4,-1.3292634,36.7981964,Swaminarayan Hospital,Success,
CN-76888,019158LITTLE SISTERS OF ST.JOSEPH OLESENTU MISSION HOSPITAL,NAROK,FAITH BASED ORGANIZATION (FBO),LEVEL 2,-1.257270424837,35.575800972424,Narok,Success,
CN-76923,006755NARIOKOTOME DISPENSARY,TURKANA,FAITH BASED ORGANIZATION (FBO),LEVEL 2,3.186636109974,35.449603095023,Turkana,Success,
CN-77098,000427DOM COTTOLENGO HEALTH CENTRE - MUKOTHIMA,THARAKA-NITHI,FAITH BASED ORGANIZATION (FBO),LEVEL 3A,-0.206516213429,37.868692128983,Tharaka-Nithi,Success,
CN-77153,001653OUR LADY OF LOURDES MWEA HOSPITAL (SATELLITE CLINIC),EMBU,FAITH BASED ORGANIZATION (FBO),LEVEL 2,-0.5379964,37.4543311,Embu,Success,
CN-77197,015321VERNA HEALTH CENTRE,MIGORI,FAITH BASED ORGANIZATION (FBO),LEVEL 3B,-1.1654376,34.6090837,Health Centre,Success,
CN-77222,001683FULL GOSPEL CHURCHES OF KENYA - MOLO MEDICAL CENTRE,NAKURU,FAITH BASED ORGANIZATION (FBO),LEVEL 2,-0.2806559,36.0794189,Nakuru,Success,
CN-77485,000412HOLY FAMILY DISPENSARY OL LESSOS,NANDI,FAITH BASED ORGANIZATION (FBO),LEVEL 2,0.2,35.26667,"Lessos, Nandi",Success,
CN-77541,000201ST. MARYS MISSION HOSPITAL,NAIROBI,FAITH BASED ORGANIZATION (FBO),LEVEL 5,-1.323434,36.774403,Saint Marys Mission Hospital Nairobi,Success,
CN-77865,002422ST. ANNE\\'S NYANGOMA HEALTH CENTRE,SIAYA,FAITH BASED ORGANIZATION (FBO),LEVEL 3B,-0.06564696176,34.248353736491,Siaya,Success,
CN-77916,002771PCEA PIPELINE CARE CLINIC,NAIROBI,FAITH BASED ORGANIZATION (FBO),LEVEL 2,-1.2857857,36.8200253,Nairobi,Success,
CN-78167,004016DANIEL COMBONI HEALTH CENTRE,MACHAKOS,FAITH BASED ORGANIZATION (FBO),LEVEL 3A,-1.279605613208,37.413530961083,Machakos,Success,
CN-78430,001095MUTITO CATHOLIC HEALTH CENTRE,KITUI,FAITH BASED ORGANIZATION (FBO),LEVEL 3A,-1.493161090519,38.407478986946,Kitui,Success,
CN-78597,000740KAGUMO CATHOLIC LIFE GIVING CENTRE,KIRINYAGA,FAITH BASED ORGANIZATION (FBO),LEVEL 2,-0.525012949373,37.320744609382,Kirinyaga,Success,
CN-78654,002761MBUGONI HEALTH CENTER,MOMBASA,FAITH BASED ORGANIZATION (FBO),LEVEL 3B,-4.0219743,39.6858526,Health Centre,Success,
CN-78853,002061TAYYIBA MEDICAL CENTRE,KISUMU,FAITH BASED ORGANIZATION (FBO),LEVEL 4,-0.173053648767,34.839859182104,Kisumu,Success,
CN-79162,013967ST. LAZARUS BUYANGU MISSION HEALTH CENTRE,VIHIGA,FAITH BASED ORGANIZATION (FBO),LEVEL 3B,0.080244585317,34.730720378013,Vihiga,Success,
CN-79165,001516P.C.E.A NAKURU WEST HEALTH CENTRE,NAKURU,FAITH BASED ORGANIZATION (FBO),LEVEL 3B,-0.2806559,36.0794189,Nakuru,Success,
CN-79192,001292ITIBO ADVENTIST MISSION HOSPITAL,NYAMIRA,FAITH BASED ORGANIZATION (FBO),LEVEL 4,-0.640626239534,34.967387947932,Nyamira,Success,
CN-79437,001372HOLY FAMILY CENTRE -KIPSARAMAN,BARINGO,FAITH BASED ORGANIZATION (FBO),LEVEL 2,0.671904478344,35.940931127722,Baringo,Success,
CN-79912,001780ST. ELIZABETH HOSPITAL CHIGA,KISUMU,FAITH BASED ORGANIZATION (FBO),LEVEL 4,-0.1006907,34.8441915,"Chiga, Kibos, Kisumu",Success,
CN-80234,000207TEI WA YESU FAMILY CARE CENTRE,KITUI,FAITH BASED ORGANIZATION (FBO),LEVEL 3B,-1.493161090519,38.407478986946,Kitui,Success,
CN-80238,001073ASSUMPTION SISTERS OLMALAIKA AIRRITANI HEALTH CENTRE,KAJIADO,FAITH BASED ORGANIZATION (FBO),LEVEL 3B,-1.8419404,36.7892723,Kajiado,Success,
CN-80470,000043A.I.C GITHUMU MISSION HOSPITAL,MURANGA,FAITH BASED ORGANIZATION (FBO),LEVEL 4,-0.8246904,36.9094106,"Githumu, Murang'a",Success,
CN-81563,000369MARIA IMMACULATA HOSPITAL LAVINGTON,NAIROBI,FAITH BASED ORGANIZATION (FBO),LEVEL 4,-1.27651,36.77534,"Lavington, Nairobi",Success,
CN-81654,018239KITUNDU ADVENTIST HEALTH CENTER,MAKUENI,FAITH BASED ORGANIZATION (FBO),LEVEL 2,-2.160192128139,37.789123486634,Makueni,Success,
CN-82132,001436P.C.E.A KIMUNYU HEALTH CLINIC,KIAMBU,FAITH BASED ORGANIZATION (FBO),LEVEL 2,-1.053936,36.9417732,"Kimunyu, Kiambu",Success,
CN-82144,001539A.C.C & S GITURU HEALTH CENTRE,MURANGA,FAITH BASED ORGANIZATION (FBO),LEVEL 2,-0.7180943,37.1589456,"Muranga, Murang'a",Success,
CN-82319,017104NG\\'IYA HEALTH CENTRE,SIAYA,FAITH BASED ORGANIZATION (FBO),LEVEL 3A,-0.0911799,34.2764414,Health Centre,Success,
CN-82374,021098AIC KAJIADO HEALTH CENTRE,KAJIADO,FAITH BASED ORGANIZATION (FBO),LEVEL 3A,-2.080021,36.8223205,Health Centre,Success,
CN-82427,000603KORU HOLY FAMILY MISSION HOSPITAL,KISUMU,FAITH BASED ORGANIZATION (FBO),LEVEL 4,-0.173053648767,34.839859182104,Kisumu,Success,
CN-82997,000885THE MATER HOSPITAL,NAIROBI,FAITH BASED ORGANIZATION (FBO),LEVEL 6B,-1.2857857,36.8200253,Nairobi,Success,
CN-83302,001828EASTERN DEANERY AIDS RELIEF PROGRAM - DONHOLM CLINIC,NAIROBI,FAITH BASED ORGANIZATION (FBO),LEVEL 2,-1.2857857,36.8200253,Nairobi,Success,
CN-83476,021437ST.MARY\\'S HEALTH CENTRE-IKULUNGU,KIRINYAGA,FAITH BASED ORGANIZATION (FBO),LEVEL 3B,-0.525012949373,37.320744609382,Kirinyaga,Success,
CN-83532,000898RIOKINDO S.D.A DISPENSARY,KISII,FAITH BASED ORGANIZATION (FBO),LEVEL 3B,-0.775814232663,34.777005852014,Kisii,Success,
CN-83656,002887DIRIBA GOMBO MISSION CATHOLIC DISPENSARY,MARSABIT,FAITH BASED ORGANIZATION (FBO),LEVEL 2,2.980491275449,37.570848791063,Marsabit,Success,
CN-83938,003237ST.JOHN PAUL II AVI MATERCARE HOSPITAL,ISIOLO,FAITH BASED ORGANIZATION (FBO),LEVEL 3B,1.009414834849,38.539540438792,Isiolo,Success,
CN-84460,002721LENGO MEDICAL CLINIC,NAIROBI,FAITH BASED ORGANIZATION (FBO),LEVEL 3B,-1.2861836,36.8447974,Clinic,Success,
CN-84489,003548ST. MARY\\'S RINGA HEALTH CENTRE,HOMA BAY,FAITH BASED ORGANIZATION (FBO),LEVEL 3A,-0.545235884388,34.356395993113,Homa Bay,Success,
CN-84578,005967ST MARYS HEALTH CARE,KILIFI,FAITH BASED ORGANIZATION (FBO),LEVEL 2,-3.176503150822,39.68804728776,Kilifi,Success,
CN-85068,020666ALMUZAINI ISLAMIC HOSPITAL KENYA LIMITED,WAJIR,FAITH BASED ORGANIZATION (FBO),LEVEL 3B,1.75504011033,40.017147679353,Wajir,Success,
CN-85340,001099WEMA CATHOLIC HEALTH CENTRE,TANA RIVER,FAITH BASED ORGANIZATION (FBO),LEVEL 3A,-2.2794349,40.1004348,Health Centre,Success,
CN-85468,014707PCEA GANGARA DISPENSARY,MERU,FAITH BASED ORGANIZATION (FBO),LEVEL 2,0.166838927273,37.764590845633,Meru,Success,
CN-86543,001154NYAGICHENCHE S.D.A DISPENSARY,KISII,FAITH BASED ORGANIZATION (FBO),LEVEL 2,-0.775814232663,34.777005852014,Kisii,Success,
CN-86697,004251AIC LODENGO HEALTH CENTRE,BARINGO,FAITH BASED ORGANIZATION (FBO),LEVEL 3B,0.4722778,35.9861309,Health Centre,Success,
CN-86751,003032MUGOIRI CATHOLIC DISPENSARY,MURANGA,FAITH BASED ORGANIZATION (FBO),LEVEL 2,-0.7180943,37.1589456,"Muranga, Murang'a",Success,
CN-86958,018965DELIVERANCE CHURCH KASARANI MEDICAL CLINIC,NAIROBI,FAITH BASED ORGANIZATION (FBO),LEVEL 2,-1.2857857,36.8200253,Nairobi,Success,
CN-87035,007909GATANGA CATHOLIC DISPENSARY,MURANGA,FAITH BASED ORGANIZATION (FBO),LEVEL 2,-0.7180943,37.1589456,"Muranga, Murang'a",Success,
CN-87377,000540ST. MARTHAS CHIMOI HEALTH CENTRE,KAKAMEGA,FAITH BASED ORGANIZATION (FBO),LEVEL 3A,0.28422,34.75229,Kakamega,Success,
CN-87389,001195HOLY FAMILY HOSPITAL NANGINA,BUSIA,FAITH BASED ORGANIZATION (FBO),LEVEL 4,0.2773685,34.104144,"Nangina, Funyula, Busia",Success,
CN-87433,017940LITTLE FLOWER DISPENSARY,MACHAKOS,FAITH BASED ORGANIZATION (FBO),LEVEL 2,-1.279605613208,37.413530961083,Machakos,Success,
CN-87805,000610NAROMORU CATHOLIC DISPENSARY,NYERI,FAITH BASED ORGANIZATION (FBO),LEVEL 2,-0.4211516,36.9494066,Nyeri,Success,
CN-87983,000894NAZARETH HOSPITAL,KIAMBU,FAITH BASED ORGANIZATION (FBO),LEVEL 5,-1.1672396,36.8255013,Kiambu,Success,
CN-88203,002317RUARAKA UHAI NEEMA HOSPITAL,NAIROBI,FAITH BASED ORGANIZATION (FBO),LEVEL 4,-1.2857857,36.8200253,Nairobi,Success,
CN-88275,001159BUTULA MISSION HEALTH CENTRE,BUSIA,FAITH BASED ORGANIZATION (FBO),LEVEL 3B,0.38569164205,34.193072581938,Busia,Success,
CN-88521,000218KIMININI COTTAGE MISSION HOSPITAL,TRANS-NZOIA,FAITH BASED ORGANIZATION (FBO),LEVEL 4,1.050719398347,34.957014580558,Trans Nzoia,Success,
CN-88675,015931RUCHU CATHOLIC DISPENSARY,MURANGA,FAITH BASED ORGANIZATION (FBO),LEVEL 2,-0.7180943,37.1589456,"Muranga, Murang'a",Success,
CN-88740,000436TABAKA MISSION HOSPITAL,KISII,FAITH BASED ORGANIZATION (FBO),LEVEL 4,-0.775814232663,34.777005852014,Kisii,Success,
CN-88855,004112KICHAKA SIMBA DISPENSARY,KWALE,FAITH BASED ORGANIZATION (FBO),LEVEL 2,-4.148612987152,39.155718067611,Kwale,Success,
CN-89040,000454ST. THERESA TIMAU CATHOLIC DISPENSARY,MERU,FAITH BASED ORGANIZATION (FBO),LEVEL 2,0.166838927273,37.764590845633,Meru,Success,
CN-89255,020442SALAWA CATHOLIC MISSION HEALTH CENTRE,BARINGO,FAITH BASED ORGANIZATION (FBO),LEVEL 3A,0.671904478344,35.940931127722,Baringo,Success,
CN-89627,001160ST JOSEPH\\'S AMUKURA MISSION HEALTH CENTER,BUSIA,FAITH BASED ORGANIZATION (FBO),LEVEL 3B,0.38569164205,34.193072581938,Busia,Success,
CN-89958,018369AIC LITEIN HOSPITAL-KERICHO ANNEX,KERICHO,FAITH BASED ORGANIZATION (FBO),LEVEL 3A,-0.5828383,35.1908492,"Litein, Kericho",Success,
CN-90036,007309INGOTSE MISSION HEALTH CENTRE,KAKAMEGA,FAITH BASED ORGANIZATION (FBO),LEVEL 3A,0.28422,34.75229,Kakamega,Success,
CN-90218,018818INTEGRATED VISION CENTRE MILIMANI MISSION HOSPITAL,UASIN GISHU,FAITH BASED ORGANIZATION (FBO),LEVEL 3B,0.521314476021,35.31977624114,Uasin Gishu,Success,
CN-90387,000496SAYYIDA FATIMAH HOSPITAL KISAUNI,MOMBASA,FAITH BASED ORGANIZATION (FBO),LEVEL 4,-4.0126542,39.6904685,"Kisauni, Mombasa",Success,
CN-90425,015763ST. NICOLA D\\'O NOFRIO HEALTH CARE,KILIFI,FAITH BASED ORGANIZATION (FBO),LEVEL 2,-3.176503150822,39.68804728776,Kilifi,Success,
CN-90610,001150HONGWE CATHOLIC DISPENSARY,LAMU,FAITH BASED ORGANIZATION (FBO),LEVEL 2,-2.04751898275,40.788910863388,Lamu,Success,
CN-90803,001833EASTERN DEANERY AIDS RELIEF PROGRAM MATHARE,NAIROBI,FAITH BASED ORGANIZATION (FBO),LEVEL 2,-1.248985466667,36.877366766667,"Mathare, Nairobi",Success,
CN-91137,016484KEVOTE CATHOLIC DISPENSARY,EMBU,FAITH BASED ORGANIZATION (FBO),LEVEL 2,-0.5379964,37.4543311,Embu,Success,
CN-91369,003041OASIS MEDICAL CENTRE,KILIFI,FAITH BASED ORGANIZATION (FBO),LEVEL 4,-3.9159737,39.5828209,Medical Centre,Success,
CN-91728,007613ST JOSEPH CATHOLIC DISPENSARY,TAITA-TAVETA,FAITH BASED ORGANIZATION (FBO),LEVEL 2,-3.436547605259,38.417882139111,Taita Taveta,Success,
CN-92577,005548KOPANGA METHODIST DISPENSARY,MIGORI,FAITH BASED ORGANIZATION (FBO),LEVEL 2,-0.989136495207,34.364493855317,Migori,Success,
CN-92646,017834MOTHER ANGELA HURUMA HOSPITAL,LAIKIPIA,FAITH BASED ORGANIZATION (FBO),LEVEL 4,0.321036458859,36.76507926291,Laikipia,Success,
CN-92916,001825EASTERN DEANERY AIDS RELIEF PROGRAM - BABADOGO CLINIC,NAIROBI,FAITH BASED ORGANIZATION (FBO),LEVEL 3B,-1.2857857,36.8200253,Nairobi,Success,
CN-93306,016532NYABIKAYE SDA MEDICAL CENTRE,MIGORI,FAITH BASED ORGANIZATION (FBO),LEVEL 3A,-0.989136495207,34.364493855317,Migori,Success,
CN-93731,002266ST. MONICA EREGI MISSION HEALTH CENTRE - KAKAMEGA DIOCESE,KAKAMEGA,FAITH BASED ORGANIZATION (FBO),LEVEL 3B,0.28422,34.75229,Kakamega,Success,
CN-93871,006375AIPCA NAKURU WEST MEDICAL CLINIC,NAKURU,FAITH BASED ORGANIZATION (FBO),LEVEL 3A,-0.2806559,36.0794189,Nakuru,Success,
CN-94081,001631ST. ANGELA MERICI HEALTH CENTRE,KIAMBU,FAITH BASED ORGANIZATION (FBO),LEVEL 3A,-1.1672396,36.8255013,Kiambu,Success,
CN-94167,003111ISIOLO CATHOLIC DISPENSARY,ISIOLO,FAITH BASED ORGANIZATION (FBO),LEVEL 2,1.009414834849,38.539540438792,Isiolo,Success,
CN-94447,006761ST. DAMIANO MISSION HOSPITAL,BUNGOMA,FAITH BASED ORGANIZATION (FBO),LEVEL 4,0.5508779,34.5578435,St Damiano Mission Hospital,Success,
CN-94449,002879LAISAMIS CATHOLIC HOSPITAL,MARSABIT,FAITH BASED ORGANIZATION (FBO),LEVEL 3B,2.980491275449,37.570848791063,Marsabit,Success,
CN-94520,004015AIC CURE INTERNATIONAL HOSPITAL,KIAMBU,FAITH BASED ORGANIZATION (FBO),LEVEL 5,-1.1672396,36.8255013,Kiambu,Success,
CN-95374,001960CHESONGOCH MISSION HOSPITAL,ELGEYO-MARAKWET,FAITH BASED ORGANIZATION (FBO),LEVEL 4,0.799371947909,35.536865408174,Elgeyo-Marakwet,Success,
CN-95399,000850GELTRUDE HEALTH CENTRE,EMBU,FAITH BASED ORGANIZATION (FBO),LEVEL 3B,-0.4254473,37.641347,Health Centre,Success,
CN-95725,021131OUR LADY OF MERCY MISSION HOSPITAL -ANNEX,NAKURU,FAITH BASED ORGANIZATION (FBO),LEVEL 2,-0.2806559,36.0794189,Nakuru,Success,
CN-95742,000067FRIENDS CHURCH SABATIA EYE HOSPITAL,VIHIGA,FAITH BASED ORGANIZATION (FBO),LEVEL 5,0.1133601,34.8089687,"Sabatia, Vihiga",Success,
CN-96035,001169CONSOLATA HOSPITAL NKUBU,MERU,FAITH BASED ORGANIZATION (FBO),LEVEL 5,-0.068116,37.6652777,"Nkubu, Meru",Success,
CN-96323,017966CARMEL DISPENSARY KIMWANGA,BUNGOMA,FAITH BASED ORGANIZATION (FBO),LEVEL 2,0.5965091,34.4419029,"Kimwanga, Bungoma",Success,
CN-96592,016967CONSOLATA HOSPITAL NANYUKI,LAIKIPIA,FAITH BASED ORGANIZATION (FBO),LEVEL 4,0.0153453,37.0786887,"Nanyuki, Laikipia",Success,
CN-96654,019840ST.MONICA DISPENSARY MWENGENYE,NAIROBI,FAITH BASED ORGANIZATION (FBO),LEVEL 2,-1.2857857,36.8200253,Nairobi,Success,
CN-97000,001497ST. ELIZABETH HEALTH CENTRE- NAROK,NAROK,FAITH BASED ORGANIZATION (FBO),LEVEL 3A,-1.0879708,35.8731016,Narok,Success,
CN-97198,002515ACK KHASOKO HEALTH CENTRE,BUNGOMA,FAITH BASED ORGANIZATION (FBO),LEVEL 3A,0.734403,34.5775074,Health Centre,Success,
CN-97274,001705COPTIC HEALTH CENTRE,NAIROBI,FAITH BASED ORGANIZATION (FBO),LEVEL 2,-1.2657918,36.7991336,Health Centre,Success,
CN-97733,003042ST RAPHAELS ARCHANGEL HEALTH CENTRE EMMAUS,TANA RIVER,FAITH BASED ORGANIZATION (FBO),LEVEL 2,-1.525833141625,39.418023580214,Tana River,Success,
CN-97754,001568ASSUMPTION SISTERS OF NAIROBI UPENDO VILLAGE DISPENSARY,NAKURU,FAITH BASED ORGANIZATION (FBO),LEVEL 2,-0.2806559,36.0794189,Nakuru,Success,
CN-98048,001094SAGANA CATHOLIC DISPENSARY,KIRINYAGA,FAITH BASED ORGANIZATION (FBO),LEVEL 2,-0.525012949373,37.320744609382,Kirinyaga,Success,
CN-98163,002548KIRIAINI MISSION HOSPITAL,MURANGA,FAITH BASED ORGANIZATION (FBO),LEVEL 4,-0.7180943,37.1589456,"Muranga, Murang'a",Success,
CN-98456,000858SISTO MAZZOLDI HOSPITAL,NAKURU,FAITH BASED ORGANIZATION (FBO),LEVEL 4,-0.2806559,36.0794189,Nakuru,Success,
CN-98473,006952ST FRANCIS CATHOLIC DISPENSARY KAWANGWARE GATINA,NAIROBI,FAITH BASED ORGANIZATION (FBO),LEVEL 2,-1.2857857,36.8200253,Nairobi,Success,
CN-98508,000072MAUA METHODIST HOSPITAL,MERU,FAITH BASED ORGANIZATION (FBO),LEVEL 5,0.166838927273,37.764590845633,Meru,Success,
CN-98655,004317CHURCH ARMY MEDICAL CENTRE,NAIROBI,FAITH BASED ORGANIZATION (FBO),LEVEL 3B,-1.31244,36.79729,Medical Centre,Success,
CN-98986,000791CONSOLATA HOSPITAL KYENI,EMBU,FAITH BASED ORGANIZATION (FBO),LEVEL 5,-0.4134442,37.585882,"Kyeni, Embu",Success,
CN-99151,001296HOLY TRINITY HEALTH CENTRE LONGONOT,NAKURU,FAITH BASED ORGANIZATION (FBO),LEVEL 3B,-0.8833959,36.4958137,"Longonot, Nakuru",Success,
CN-99175,002034KEYIAN SDA MEDICAL CENTRE,NAROK,FAITH BASED ORGANIZATION (FBO),LEVEL 2,-1.257270424837,35.575800972424,Narok,Success,
CN-99232,000798MERCY MISSION HOSPITAL,BARINGO,FAITH BASED ORGANIZATION (FBO),LEVEL 4,0.671904478344,35.940931127722,Baringo,Success,
CN-99381,000221KACHELIBA MISSION HEALTH CENTRE,WEST POKOT,FAITH BASED ORGANIZATION (FBO),LEVEL 3B,1.730227858033,35.246700118527,West Pokot,Success,
CN-99495,000763MT. KENYA ACK HOSPITAL,KIRINYAGA,FAITH BASED ORGANIZATION (FBO),LEVEL 4,-0.525012949373,37.320744609382,Kirinyaga,Success,
CN-99856,016316ST.FRANCIS MOTO HOPE MEDICAL CENTRE,NAKURU,FAITH BASED ORGANIZATION (FBO),LEVEL 3B,-0.2806559,36.0794189,Nakuru,Success,
